,word
6,focal
25,colon
49,pound
54,booby
89,loopy
99,moult
130,boozy
140,coast
152,vodka
175,conic
197,boost
214,point
222,mount
224,could
228,moist
265,month
268,today
285,found
289,lowly
296,comma
348,vouch
411,bobby
419,motto
425,coyly
426,youth
467,lofty
473,doubt
494,bough
499,howdy
502,ionic
516,foggy
529,vomit
537,pooch
540,folly
544,godly
571,count
573,total
575,mocha
583,mound
591,tough
626,coach
640,woozy
663,couch
678,goody
695,loath
730,toxin
745,lobby
775,poppy
778,moldy
779,dowdy
793,doing
858,bongo
884,jolly
896,vocal
898,dolly
913,bosom
927,hotly
947,cough
968,dough
983,polyp
1006,hoist
1013,donut
1036,posit
1046,would
1056,pouch
1073,woody
1081,comic
1088,gonad
1101,local
1105,modal
1117,touch
1134,notch
1138,young
1185,tooth
1211,joist
1219,topaz
1235,loyal
1238,conch
1253,motif
1271,joust
1281,comfy
1286,mogul
1341,logic
1368,koala
1378,nobly
1419,toast
1443,holly
1447,dogma
1454,nomad
1515,hobby
1535,joint
1555,cocoa
1562,noisy
1646,moody
1663,botch
1665,lousy
1671,foist
1701,bound
1726,topic
1733,bossy
1762,booth
1772,voila
1819,foamy
1820,toxic
1846,pouty
1855,dodgy
1915,booty
1934,boast
1935,toddy
1973,tonic
1996,tonga
1998,wound
2044,wooly
2105,zonal
2181,woman
2185,downy
2192,goofy
2199,folio
2218,golly
2245,mossy
2255,going
2257,mouth
2258,hound
2260,tonal
2275,loamy
2285,condo
2288,polka
2302,login
3310,bobac
3311,bobak
3313,bobol
3315,bocca
3317,bocci
3323,bodhi
3328,boffo
3330,bogan
3332,boggy
3340,boing
3341,boink
3351,bolix
3358,bombo
3369,bonny
3370,bonza
3372,booai
3373,booay
3375,boody
3377,boofy
3378,boogy
3381,booky
3384,boomy
3385,boong
3391,boppy
3413,bosky
3414,boson
3415,bosun
3419,bothy
3422,botty
3425,boult
3431,bousy
3433,bovid
3434,bowat
3447,boxla
3448,boxty
3450,boyau
3454,boyla
3456,boysy
4026,coact
4027,coady
4028,coala
4030,coaly
4031,coapt
4034,coati
4037,cobby
4038,cobia
4040,cobza
4042,cocci
4043,cocco
4045,cocky
4054,codon
4058,cogon
4060,cohab
4063,cohog
4066,coign
4074,colby
4079,colic
4080,colin
4082,colly
4083,colog
4085,colza
4087,comal
4090,combi
4091,combo
4093,comby
4096,comix
4097,commo
4099,commy
4100,compo
4102,compt
4109,conga
4111,congo
4112,conia
4113,conin
4115,conky
4119,conto
4121,convo
4122,cooch
4129,cooky
4131,cooly
4132,coomb
4134,coomy
4137,coopt
4138,coost
4141,copal
4142,copay
4147,coppy
4149,copsy
4150,coqui
4176,costa
4179,cotan
4183,cotta
4191,couta
4192,couth
4195,covin
4196,cowal
4197,cowan
4204,coxal
4207,coxib
4208,coyau
4211,coypu
4665,dobby
4668,dobla
4671,docht
4675,doddy
4682,dogan
4685,doggo
4686,doggy
4688,dohyo
4689,doilt
4690,doily
4694,dolci
4697,dolia
4699,dolma
4703,domal
4706,domic
4707,donah
4711,donga
4713,donko
4714,donna
4716,donny
4717,donsy
4720,doody
4724,dooly
4726,doomy
4727,doona
4730,doozy
4752,dosai
4758,dosha
4759,dotal
4763,dotty
4768,doula
4769,douma
4787,dowly
4788,downa
4797,doyly
5475,fogou
5482,folia
5483,folic
5486,folky
5488,fonda
5490,fondu
5492,fonly
5495,foody
5498,footy
5514,fossa
5516,fouat
5522,fount
5524,fouth
5527,fowth
5923,goaty
5924,goban
5926,gobbi
5927,gobbo
5928,gobby
5932,godso
5940,gogga
5945,goldy
5950,gombo
5952,gompa
5953,gonch
5956,gonia
5957,gonif
5959,gonna
5960,gonof
5962,gonzo
5963,gooby
5968,gooky
5969,goold
5971,gooly
5973,goony
5975,goopy
5978,goosy
5979,gopak
5980,gopik
5991,gosht
5993,gotch
5995,gothy
5996,gotta
5997,gouch
6001,gouty
6002,gowan
6009,goyim
6402,hoagy
6405,hoast
6409,hodad
6410,hodja
6412,hogan
6417,hoick
6420,hoing
6427,hokku
6428,hokum
6434,holla
6435,hollo
6438,holon
6448,honan
6449,honda
6454,hongi
6457,honky
6458,hooch
6460,hoody
6463,hooka
6465,hooky
6466,hooly
6471,hoosh
6473,hooty
6475,hopak
6479,hoppy
6495,hosta
6497,hotch
6499,hotty
6500,houff
6502,hough
6512,howff
6517,howso
6682,iodic
6683,iodid
6684,iodin
6826,jocko
6828,jocky
6837,jokol
6842,jolty
6843,jomon
6847,jonty
6852,jotty
6853,jotun
6854,joual
6862,jowly
7143,koban
7147,kofta
7148,kogal
7154,kokam
7158,kokum
7161,kombu
7162,konbu
7163,kondo
7166,kooky
7171,koppa
7181,kotch
7183,kotow
7545,loach
7550,loast
7563,locum
7568,logan
7570,loggy
7571,logia
7573,logoi
7574,logon
7576,lohan
7583,lolly
7584,lolog
7589,longa
7592,looby
7595,loofa
7599,looky
7602,loony
7609,loppy
7622,lossy
7623,lotah
7626,lotic
7628,lotsa
7629,lotta
7631,lotto
7634,lough
7637,louma
7638,lound
7646,lovat
7651,lowan
7654,lownd
8087,mobby
8092,mochi
8094,mochy
8099,modii
8103,moggy
8107,mohua
8118,molal
8123,molla
8125,molly
8126,molto
8130,momma
8131,mommy
8133,monad
8134,monal
8137,mondo
8139,mongo
8141,monic
8146,monty
8148,mooch
8152,moola
8153,mooli
8155,mooly
8156,moong
8158,moony
8168,moppy
8169,mopsy
8188,mosso
8197,mothy
8201,motty
8203,motza
8204,mouch
8206,mould
8209,moust
8210,mousy
8516,nobby
8518,nodal
8519,noddy
8524,nohow
8526,noily
8527,noint
8535,nomic
8536,nomoi
8544,nonny
8545,nonyl
8547,nooit
8549,nooky
8552,nopal
8561,notal
8565,notum
8566,nould
8570,nouny
8574,novum
8575,noway
8579,nowty
8580,noxal
8582,noyau
8726,oobit
8728,oomph
8733,ootid
9236,poach
9237,poaka
9239,poboy
9241,pocky
9242,podal
9243,poddy
9246,podgy
9247,podia
9255,poilu
9256,poind
9257,pokal
9266,polio
9271,polly
9277,pommy
9281,poncy
9285,ponga
9286,pongo
9288,pongy
9291,ponty
9292,ponzu
9296,poofy
9298,pooja
9299,pooka
9304,poopy
9309,poovy
9311,poppa
9312,popsy
9332,posho
9335,potch
9338,potin
9339,potoo
9340,potsy
9341,potto
9343,potty
9344,pouff
9349,poulp
9350,poult
9352,poupt
9355,powan
9356,powin
9357,pownd
9359,powny
9363,poynt
9364,poyou
9366,pozzy
11682,toady
11685,tocky
11690,toffy
11701,toing
11704,tokay
11709,tolan
11715,tolly
11718,tolyl
11719,toman
11722,tomia
11723,tommy
11725,tondi
11726,tondo
11732,tonka
11746,tophi
11749,topoi
11751,toppy
11772,toshy
11773,tossy
11777,totty
11782,tousy
11785,touzy
11789,towny
11791,towsy
11794,towzy
11797,toyon
12304,vocab
12306,voddy
12307,vodou
12308,vodun
12320,volta
12322,volti
12324,volva
12330,voulu
12334,vozhd
12610,woald
12613,woful
12616,wokka
12619,wolly
12622,womby
12623,womyn
12624,wonga
12625,wongi
12627,wonky
12632,woofy
12633,woold
12637,woopy
12639,woosh
12640,wootz
12686,xoana
12800,yobbo
12801,yobby
12809,yogic
12810,yogin
12812,yoick
12813,yojan
12818,yokul
12820,yolky
12821,yomim
12823,yonic
12840,yowza
12934,zocco
12938,zoism
12939,zoist
12940,zombi
12942,zonda
12949,zooid
12953,zooty
12954,zoppa
12955,zoppo
0,
1,
2,
3,
4,
5,
7,
8,
9,
10,
11,
12,
13,
14,
15,
16,
17,
18,
19,
20,
21,
22,
23,
24,
26,
27,
28,
29,
30,
31,
32,
33,
34,
35,
36,
37,
38,
39,
40,
41,
42,
43,
44,
45,
46,
47,
48,
50,
51,
52,
53,
55,
56,
57,
58,
59,
60,
61,
62,
63,
64,
65,
66,
67,
68,
69,
70,
71,
72,
73,
74,
75,
76,
77,
78,
79,
80,
81,
82,
83,
84,
85,
86,
87,
88,
90,
91,
92,
93,
94,
95,
96,
97,
98,
100,
101,
102,
103,
104,
105,
106,
107,
108,
109,
110,
111,
112,
113,
114,
115,
116,
117,
118,
119,
120,
121,
122,
123,
124,
125,
126,
127,
128,
129,
131,
132,
133,
134,
135,
136,
137,
138,
139,
141,
142,
143,
144,
145,
146,
147,
148,
149,
150,
151,
153,
154,
155,
156,
157,
158,
159,
160,
161,
162,
163,
164,
165,
166,
167,
168,
169,
170,
171,
172,
173,
174,
176,
177,
178,
179,
180,
181,
182,
183,
184,
185,
186,
187,
188,
189,
190,
191,
192,
193,
194,
195,
196,
198,
199,
200,
201,
202,
203,
204,
205,
206,
207,
208,
209,
210,
211,
212,
213,
215,
216,
217,
218,
219,
220,
221,
223,
225,
226,
227,
229,
230,
231,
232,
233,
234,
235,
236,
237,
238,
239,
240,
241,
242,
243,
244,
245,
246,
247,
248,
249,
250,
251,
252,
253,
254,
255,
256,
257,
258,
259,
260,
261,
262,
263,
264,
266,
267,
269,
270,
271,
272,
273,
274,
275,
276,
277,
278,
279,
280,
281,
282,
283,
284,
286,
287,
288,
290,
291,
292,
293,
294,
295,
297,
298,
299,
300,
301,
302,
303,
304,
305,
306,
307,
308,
309,
310,
311,
312,
313,
314,
315,
316,
317,
318,
319,
320,
321,
322,
323,
324,
325,
326,
327,
328,
329,
330,
331,
332,
333,
334,
335,
336,
337,
338,
339,
340,
341,
342,
343,
344,
345,
346,
347,
349,
350,
351,
352,
353,
354,
355,
356,
357,
358,
359,
360,
361,
362,
363,
364,
365,
366,
367,
368,
369,
370,
371,
372,
373,
374,
375,
376,
377,
378,
379,
380,
381,
382,
383,
384,
385,
386,
387,
388,
389,
390,
391,
392,
393,
394,
395,
396,
397,
398,
399,
400,
401,
402,
403,
404,
405,
406,
407,
408,
409,
410,
412,
413,
414,
415,
416,
417,
418,
420,
421,
422,
423,
424,
427,
428,
429,
430,
431,
432,
433,
434,
435,
436,
437,
438,
439,
440,
441,
442,
443,
444,
445,
446,
447,
448,
449,
450,
451,
452,
453,
454,
455,
456,
457,
458,
459,
460,
461,
462,
463,
464,
465,
466,
468,
469,
470,
471,
472,
474,
475,
476,
477,
478,
479,
480,
481,
482,
483,
484,
485,
486,
487,
488,
489,
490,
491,
492,
493,
495,
496,
497,
498,
500,
501,
503,
504,
505,
506,
507,
508,
509,
510,
511,
512,
513,
514,
515,
517,
518,
519,
520,
521,
522,
523,
524,
525,
526,
527,
528,
530,
531,
532,
533,
534,
535,
536,
538,
539,
541,
542,
543,
545,
546,
547,
548,
549,
550,
551,
552,
553,
554,
555,
556,
557,
558,
559,
560,
561,
562,
563,
564,
565,
566,
567,
568,
569,
570,
